#,Player,Role,CAPPED OR UNCAPPED,FOREIGN, Matches,Runs, Batting Average,STRIKE RATE,CATCHES, Wkts,Bowling average,ECONOMY,Base Price ( In Lakhs ),Photo
13,Krunal Pandya,AL,Capped,No,16,226,37.66,145.8,2,14,30.35,8.41,75,https://www.lucknowsupergiants.in/static-assets/images/players/63788.png?v=14.12
29,Kedhar Jadhav,AL,Capped,No,12,162,18,93.93,3,6,20.83,8.81,200,https://i.cdn.newsbytesapp.com/sports/players/profile/kedar-jadhav.png
19,Ravichandran Ashwin,AL,Capped,No,15,86,14.33,116.11,5,14,26.29,7.51,200,https://encrypted-tbn0.gstatic.com/images?q=tbn:ANd9GcT6n7wVQFXsyYhPeNN9QPJJXKC_HzITsJgHYD_nwqJJdw&s=10
20,David Willey,AL,Capped,Yes,6,127,21.16,113.39,1,7,25.85,8.22,100,https://www.lucknowsupergiants.in/static-assets/images/players/35128.png?v=14.12
10,Riyan Parag,AL,Capped,No,14,309,23.76,157.65,4,2,19,9.5,200,https://encrypted-tbn0.gstatic.com/images?q=tbn:ANd9GcSk0ckke-2Ah7hARscVI6V8yUjoBjp02Od07BNLrt6MxA&s=10
6,Wanindu Hasaranga,AL,Capped,Yes,11,30,16.5,60,2,11,33.72,9.04,200,https://encrypted-tbn0.gstatic.com/images?q=tbn:ANd9GcTy3vhu_J7s0Kix7krHO6v6BsAlqQFq5LQbGpBvFg9z5w&s=10
14,Romario Shepherd,AL,Capped,Yes,15,83,20.75,125.75,3,7,42.57,11.92,150,https://static.toiimg.com/photo/120897581.cms
3,Washington Sundar,AL,Capped,No,7,60,15,100,2,3,48.66,8.26,200,https://encrypted-tbn0.gstatic.com/images?q=tbn:ANd9GcTKKl3WKslp3Echqvqhfq92kFkVMBJGbBYk6BtBlniW9w&s=10
15,Nitish Kumar Reddy,AL,Capped,No,14,302,30.2,171.59,10,8,40.37,10.41,200,https://static.toiimg.com/photo/120897682.cms
17,Andre Russell,AL,Capped,Yes,14,227,20.64,145.51,6,7,24.57,11.34,200,https://images.icc-cricket.com/image/upload/t_player-headshot-portrait-lg-webp/prd/assets/players/generic/colored/12047.png
9,Marco Jansen,AL,Capped,Yes,13,483,12.75,113.33,7,9,53.66,9.2,200,https://www.punjabkingsipl.in/static-assets/images/players/69409.png?v=6.68
26,Stuart Binny,AL,Capped,No,8,70,23.33,128.84,2,2,40,8.33,200,https://encrypted-tbn0.gstatic.com/images?q=tbn:ANd9GcS0uUk8Yb-YffJ_lYTBFPQXDA2hwdydUO8QfhixwQI1HMwuhvolJY69FC_P&s=10
1,Shivam Dube,AL,Capped,No,13,270,38.57,158.82,4,2,64,12.8,200,https://static.toiimg.com/photo/120896411.cms
24,Mohammad Nabi,AL,Capped,Yes,8,115,19.16,151.31,7,3,43,8.83,200,https://images.icc-cricket.com/image/upload/t_player-headshot-portrait-lg-webp/prd/assets/players/13203/7797.png
18,Yusuf Pathan,AL,Capped,No,15,260,28.88,130,3,2,48.5,9.7,200,https://encrypted-tbn0.gstatic.com/images?q=tbn:ANd9GcSgo_MUiy6c7g_N0foaHmzvPzKa-2i8lZRB0TuFr5X0vg&s=10
22,Daryl Mitchell,AL,Capped,Yes,14,318,28.9,142.6,9,4,70,11.66,200,https://images.icc-cricket.com/image/upload/t_player-headshot-portrait-lg-webp/prd/assets/players/13203/57444.png
7,Hardik Pandya,AL,Capped,No,10,206,22.88,138.25,2,4,64.75,11.42,200,https://static.toiimg.com/photo/119127816.cms
27,Sikandar Raza,AL,Capped,Yes,7,139,27.8,141.84,5,3,39.67,9.92,100,https://encrypted-tbn0.gstatic.com/images?q=tbn:ANd9GcRVtnD-fsAFpV9LLXDQStCqw8B9Hm0pfWWytSaFkEbBsg&s=10
5,Rachin Ravindra,AL,Capped,Yes,8,191,27.28,128.18,2,11,9.54,8.07,200,https://www.kkr.in/static-assets/images/players/66053.png?v=112.14
31,Sam Curran,AL,Capped,Yes,14,276,27.6,135.96,5,10,48.9,10.22,150,https://www.rajasthanroyals.com/static-assets/images/players/65584.png?v=7.95
16,Dwayne bravo,AL,Capped,Yes,10,141,35.25,91,3,12,35.18,10.75,200,"https://static.toiimg.com/thumb/msid-68729511,width-400,resizemode-4/68729511.jpg"
4,Jason Holder,AL,Capped,Yes,11,65,13,125,8,17,17.05,7.56,200,https://encrypted-tbn0.gstatic.com/images?q=tbn:ANd9GcTLWpsuzaEModokBOVutGOOGs5bDL2tpVmFPGu3HR3Pkg&s=100
28,Glenn Maxwell,AL,Capped,Yes,14,400,33.33,183.49,4,3,31.33,9.1,200,https://static.toiimg.com/photo/119127789.cms
2,Axar Patel,AL,Capped,No,14,173,19.22,131.06,7,11,32.73,8.18,200,https://static.toiimg.com/photo/120896571.cms
21,Yuvraj Singh,AL,Capped,No,12,252,28,142.37,2,3,72,8,200,https://encrypted-tbn0.gstatic.com/images?q=tbn:ANd9GcSQG-6VAyzRZaLklUSUNKUPKpBjB-_Nt8KEW4Y-2cMj1qaZUb8oweGcCeBS&s=10
30,Moeen Ali,AL,Capped,Yes,15,124,17.71,136.26,4,9,21.67,7.5,200,https://encrypted-tbn0.gstatic.com/images?q=tbn:ANd9GcSxqZmaKgATiV1UibxeLzPRPjRO-2PPKhBIs1e-iGT-Aw&s=10
8,Corbin Bosch,AL,Capped,Yes,6,50,50,161.29,4,12,16.25,9.66,200,https://www.mumbaiindians.com/static-assets/images/players/large/action-shots/63605.png?v=7.67&w=400
25,Ben Stokes,AL,Capped,Yes,9,123,20.5,134.24,3,6,31.5,11.22,200,https://encrypted-tbn0.gstatic.com/images?q=tbn:ANd9GcRc338I3omMkmBQx4NoPZ42br4tkrJLjBoYsYVielqhnkhfkvmTjXuPmKXT&s=10
11,Ravindra Jadeja,AL,Capped,No,14,266,66.5,135.02,6,10,27.7,8.39,200,https://cdn.britannica.com/92/273992-050-A28E05D0/Ravindra-Jadeja-Poses-For-India-Men-Test-Squad-Portrait-Session-In-London-England.jpg
12,Dasun Shanaka,AL,Capped,Yes,7,63,12.6,136.95,2,2,60,10,50,https://encrypted-tbn0.gstatic.com/images?q=tbn:ANd9GcSlWrIhUg5e44kG80J9qLNYHH88zwMacZHFJuG6C3rjeyxB1pgmyVbg5eg&s=10
23,Kieron Pollard,AL,Capped,Yes,14,279,34.87,156.74,8,4,31.25,8.92,75,https://encrypted-tbn0.gstatic.com/images?q=tbn:ANd9GcTRaW63HuaVYSgrEr4KHz-8Eg0-D3xvWvYEK8ZfvHMkrA&s=10