#,Player,Role,CAPPED OR UNCAPPED,FOREIGN,Matches,2026 Runs, Batting Average,STRIKE RATE,CATCHES,Base Price ( In Lakhs ),Photo
1,Ruturaj Gaikwad,B,Capped,No,14,337,28.08,123.44,5,200,https://static.toiimg.com/photo/119128260.cms
2,Dewald Brevis,B,Capped,Yes,6,225,37.5,180,5,150,https://img.ipl.com/upload/20251202/07a17c4566a1b79a6053fe4a20c89983.jpg
3,Sarfaraz Khan,B,Capped,No,8,161,23,169.47,4,75,https://img.ipl.com/upload/20251219/d4836cda69018ae281f06f29b4835c97.jpg
4,Nitish Rana,B,Capped,No,9,225,25,151,3,150,https://www.delhicapitals.in/static-assets/images/players/ipl/63649.png?v=2.58
5,David Miller,B,Capped,Yes,11,211,35.16,154.01,7,200,https://www.delhicapitals.in/static-assets/images/players/ipl/5313.png?v=2.58
6,Pathum Nissanka,B,Capped,Yes,10,278,27.8,158.85,2,75,https://img.ipl.com/upload/20251220/fec7eab011e92be9c8e59aa6fc0661d4.jpg
7,Prithvi Shaw,B,Capped,No,8,198,23.75,163.63,2,75,https://www.delhicapitals.in/static-assets/images/players/ipl/66812.png?v=2.58
8,Tristan Stubbs,B,Capped,Yes,14,275,34.38,127.3,7,200,https://www.delhicapitals.in/static-assets/images/players/ipl/74761.png?v=2.58
9,Rahul Tewatia,B,Capped,No,16,190,27.14,190,2,100,https://www.gujarattitansipl.com/static-assets/images/players/64440.png?v=6.76
10,Shubman Gill,B,Capped,No,16,732,45.75,163.02,12,200,https://www.gujarattitansipl.com/static-assets/images/players/66818.png?v=6.76 
11,Glenn Phillips,B,Capped,Yes,6,67,16.75,124.07,8,200,https://www.gujarattitansipl.com/static-assets/images/players/65295.png?v=6.76
12,Sai Sudharsan,B,Capped,No,17,722,45.12,157.98,4,200,https://www.gujarattitansipl.com/static-assets/images/players/69500.png?v=6.76
13,Cameron Green,B,Capped,Yes,14,322,32.2,145.7,8,200,https://images.icc-cricket.com/image/upload/t_player-headshot-portrait-lg-webp/prd/assets/players/generic/colored/66870.png
14,Ramandeep Singh,B,Capped,No,15,125,31.25,201.61,8,200,https://www.kkr.in/static-assets/images/players/66953.png?v=112.14
15,Ajinkya Rahane,B,Capped,No,14,335,25.76,135.08,8,150,https://www.kkr.in/static-assets/images/players/3991.png?v=112.14
16,Rinku Singh,B,Capped,No,14,295,59,148.98,10,200,https://www.kkr.in/static-assets/images/players/64727.png?v=112.14
17,Manish Pandey,B,Capped,No,6,70,35,142.85,3,75,https://www.kkr.in/static-assets/images/players/4276.png?v=112.14
18,Finn Allen,B,Capped,Yes,11,349,34.9,214.11,1,100,https://www.kkr.in/static-assets/images/players/66046.png?v=112.14 
19,Rovman Powell,B,Capped,Yes,11,190,38,134.75,6,150,https://www.kkr.in/static-assets/images/players/65291.png?v=112.14
20,Mitchell Marsh,B,Capped,Yes,13,563,43.3,163.18,4,200,https://www.lucknowsupergiants.in/static-assets/images/players/10094.png?v=14.12
21,Anrich Nortje,B,Capped,Yes,12,231,25.66,138.32,8,200,https://www.lucknowsupergiants.in/static-assets/images/players/64219.png?v=14.12
22,Will Jacks,B,Capped,Yes,7,139,27.8,182.89,2,200,https://encrypted-tbn0.gstatic.com/images?q=tbn:ANd9GcR2NxTYT9oVb3F612F8cb4yMfyamUAic55RH6T-oGvpmQ&s=10
23,Rohit Sharma,B,Capped,No,9,283,35.37,157.22,0,200,https://images.icc-cricket.com/image/upload/t_player-headshot-portrait-lg-webp/prd/assets/players/8322/3852.png
24,Suryakumar Yadav,B,Capped,No,13,270,20.76,147.54,3,200,https://images.icc-cricket.com/image/upload/t_player-headshot-portrait-lg-webp/prd/assets/players/13203/11803.png
25,Sherfane Rutherford,B,Capped,Yes,8,123,24.6,164,1,150,https://images.icc-cricket.com/image/upload/t_player-headshot-portrait-lg-webp/prd/assets/players/13203/67285.png
26,Tilak Varma,B,Capped,No,14,359,29.91,145.93,12,150,https://images.icc-cricket.com/image/upload/t_player-headshot-portrait-lg-webp/prd/assets/players/13203/70761.png
27,Marcus Stoinis,B,Capped,Yes,13,216,36,180,1,200,https://images.icc-cricket.com/image/upload/t_player-headshot-portrait-lg-webp/prd/assets/players/13203/4311.png
28,Cooper Connolly,B,Capped,Yes,14,491,44.63,163.12,4,75,https://images.icc-cricket.com/image/upload/t_player-headshot-portrait-lg-webp/prd/assets/players/13203/74410.png
29,Shreyas Iyer,B,Capped,No,14,498,55.3,168.81,8,200,https://images.icc-cricket.com/image/upload/t_player-headshot-portrait-lg-webp/prd/assets/players/generic/colored/63961.png
30,Donovan Ferreira,B,Capped,Yes,15,317,35.22,179.09,13,75,https://encrypted-tbn0.gstatic.com/images?q=tbn:ANd9GcQaeztcsU5Vzwsw5zRiBr6y9ZBxIFaPxmUNCcE0pcoWzg&s=10
31,Shimron Hetmyer,B,Capped,Yes,14,239,21.72,145.73,13,200,https://images.icc-cricket.com/image/upload/t_player-headshot-portrait-lg-webp/prd/assets/players/13203/64861.png
32,Dhruv Jurel,B,Capped,No,16,515,36.78,154.65,18,200,https://static-files.cricket-australia.pulselive.com/headshots/288/2998-camedia.png
33,Tim David,B,Capped,Yes,16,305,33.88,188.27,3,200,https://images.icc-cricket.com/image/upload/t_player-headshot-portrait-lg-webp/prd/assets/players/13203/67402.png
34,Jacob Bethell,B,Capped,Yes,7,96,13.71,124.67,3,125,https://resources.ecb.co.uk/player-photos/test/800x800/75391.png
35,Venkatesh Iyer,B,Capped,No,7,209,52.25,186.6,1,200,https://www.fite.tv/thumbs/s3/ims-thumbs/fighters_images/venkatesh_iyer.jpg
36,Rajat Patidar,B,Capped,No,15,501,41.75,192.69,10,200,https://www.royalchallengers.com/PRRCB01/public/2026-03/rajat.png
37,Devdutt Padikkal,B,Capped,No,16,464,33.14,168.72,13,200,https://encrypted-tbn0.gstatic.com/images?q=tbn:ANd9GcSSTfN7GJgtiqj7FbZ7MLAXRuTWFmure8788ochOeHC4Q&s=10
38,Virat Kohli,B,Capped,No,16,675,56.25,165.84,9,200,https://www.trillertv.com/thumbs/o/profile/40791_300x300.jpg
39,Phil Salt,B,Capped,Yes,6,202,33.66,168.33,6,200,https://encrypted-tbn0.gstatic.com/images?q=tbn:ANd9GcSsiQA7VcnlYPdASmYXKJCfKR9MuKdVuL9khTB6uKwVOA&s
40,Liam Livingstone,B,Capped,Yes,10,279,34.87,163.15,4,200,https://www.punjabkingsipl.in/static-assets/images/players/63940.png?v=6.68
41,Abhishek Sharma,B,Capped,No,15,563,40.21,204.72,10,200,https://img.etimg.com/photo/117464512/117464512.jpg
42,AB de villiers,B,Capped,No,15,454,45.4,158.74,10,200,https://encrypted-tbn0.gstatic.com/images?q=tbn:ANd9GcSeIjmEpxLQzJTp4wVk7SByuusb-gGlJS63AkRaDrrM_ig-i3_b_jyuzP5f&s=10
43,Travis Head,B,Capped,Yes,15,410,27.33,170.12,2,200,https://static.toiimg.com/photo/119129058.cms