#,Player,Role,CAPPED OR UNCAPPED,FOREIGN, Matches,CATCHES,2026 Wkts,Bowling average,ECONOMY,Base Price ( In Lakhs ),Photo
1,Mukesh Choudhary,BL,Uncapped,No,8,3,8,31.12,8.89,50,https://d16f573ilcot6q.cloudfront.net/wp-content/uploads/2025/02/Mukesh-Choudhary.webp
7,Kartik Tyagi,BL,Uncapped,No,14,4,18,27.66,9.76,50,https://encrypted-tbn0.gstatic.com/images?q=tbn:ANd9GcSAjpBeG5JHZ1zuKR15iCsPL62jaTE7IPfmuD6uPIM0gw&s=10
16,Zeeshan Ansari,BL,Uncapped,No,10,4,6,55.5,9.84,50,https://encrypted-tbn0.gstatic.com/images?q=tbn:ANd9GcTF3qiCCPHxWeseqYJzipI3FDIg89cCywl9eoCi7BGzW9bG5_-oSehpyoM&s=10
18,Praful Hinge,BL,Uncapped,No,7,3,14,21.78,11.73,50,https://encrypted-tbn0.gstatic.com/images?q=tbn:ANd9GcR3NZIwyxFG9gCkfn3QHoIbtOPZ2mARXX9zAy0xKgeT1KiDxeTeVUE18j_X&s=10
3,Mohd. Arshad Khan,BL,Uncapped,No,8,1,6,28.66,9.92,50,https://www.gujarattitansipl.com/static-assets/images/players/82839.png?v=6.76
15,Harsh Dubey,BL,Uncapped,No,8,4,8,28.5,10.36,50,https://encrypted-tbn0.gstatic.com/images?q=tbn:ANd9GcSh1sYxeeoaiLsYXLd6lrHcI1DsWNK5Fdf6TR_32zWSjcOvxS2ZAXP6w9I&s=10
10,Mohsin Khan,BL,Uncapped,No,7,1,11,20.72,8.14,50,https://encrypted-tbn0.gstatic.com/images?q=tbn:ANd9GcTrAWsmdAvU0P9NldojpGuUmKlLIKIBgWnEgqHTNBztpA&s=10
17,Sakib Hussain,BL,Uncapped,No,11,1,15,26.46,9.45,50,https://www.kkr.in/static-assets/images/players/99098.png?v=112.14
12,Vyshak Vijaykumar,BL,Uncapped,No,10,1,9,36.66,10.64,50,https://static.toiimg.com/photo/120897354.cms
6,Vaibhav Arora,BL,Uncapped,No,11,2,11,35.45,10.26,50,https://www.kkr.in/static-assets/images/players/74298.png?v=112.14
2,Gurjapneet Singh,BL,Uncapped,No,8,5,4,58.54,9.25,50,https://iplt20players.com/images/players/gurjapneet_singh.webp
8,Prince Yadav,BL,Uncapped,No,14,1,16,28.68,8.82,50,https://encrypted-tbn0.gstatic.com/images?q=tbn:ANd9GcRHNVguFf-YFqPiJjDfapqNu_ahstzn7V03OfP7SsiavA&s=10
4,Sai Kishore,BL,Uncapped,No,15,3,19,46,9.24,50,https://encrypted-tbn0.gstatic.com/images?q=tbn:ANd9GcRg9m-qrqHNyy-W9l-QIbk4z4E9PN7PjIWIFbd4C_HnKQ&s=10
13,Yash Raj Punja,BL,Uncapped,No,8,1,9,31,9.3,50,https://www.rajasthanroyals.com/static-assets/images/players/100840.png?v=7.95
5,Ashok Sharma,BL,Uncapped,No,6,1,6,38.00,10.85,50,https://www.gujarattitansipl.com/static-assets/images/players/91316.png?v=6.76
9,Mayank Yadav,BL,Uncapped,No,10,2,9,40.77,10.14,50,https://encrypted-tbn0.gstatic.com/images?q=tbn:ANd9GcTOLJupJdodoItmWL9USsLUnDhBKsM6j2wQdUOqNvI7JA&s=10
11,Ashwani Kumar,BL,Uncapped,No,7,2,11,21.09,11.13,50,https://static.toiimg.com/photo/120897221.cms
14,Brijesh Sharma,BL,Uncapped,No,13,2,14,32.14,9.89,50,https://www.rajasthanroyals.com/static-assets/images/players/133689.png?v=7.95