#,Player,Role,CAPPED OR UNCAPPED,FOREIGN,Matches,Runs,Batting Average,STRIKE RATE,CATCHES,STUMPINGS,Base Price ( In Lakhs ),Photo
5,Prabhsimran Singh,WK,Uncapped,No,14,510,42.5,168.87,7,2,30,https://encrypted-tbn0.gstatic.com/images?q=tbn:ANd9GcR69zGQUiNWVe9xr_xVHzNpxT0n_QXF_Elu4g4qFxG8aA&s=10
11,BR Sharath,WK,Uncapped,No,9,135,15.9,117.43,4,2,30,https://encrypted-tbn0.gstatic.com/images?q=tbn:ANd9GcS80MzUz8CvBgsfI-TN4X6-vQGYyJkZRL_NxSwjZdZH6A&s=10
1,Kartik Sharma,WK,Uncapped,No,11,295,32.77,136.57,1,1,30,https://encrypted-tbn0.gstatic.com/images?q=tbn:ANd9GcQpxYL0iQbTI7_vnI9xsmyhbEu5Y6Zw1A_OM8urBYeSp15l0qNjzXKrFJDf&s=10
3,Anuj Rawat,WK,Uncapped,No,5,98,24.5,127.27,5,1,30,https://www.gujarattitansipl.com/static-assets/images/players/67752.png?v=6.76
4,Luvnith Sisodia,WK,Uncapped,No,9,124,13.77,127.83,8,6,30,https://www.kkr.in/static-assets/images/players/69879.png?v=112.14
10,Kunal Singh Rathore,WK,Uncapped,No,12,254,36.28,138.04,8,1,30,https://images.mykhel.com//webp/images/cricket/players/0/16530.jpg?v=6
9,Krishnan Shirjith,WK,Uncapped,No,8,197,32.75,145.64,6,4,30,https://static.toiimg.com/photo/120897193.cms
13,Aryan Juyal,WK,Uncapped,No,8,223,29.7,130.4,9,3,30,https://encrypted-tbn0.gstatic.com/images?q=tbn:ANd9GcTUfPvX7ZrWjO9b3CXNmT_pSg-4rGZDXKEygfU_faPluw&s=10
2,Urvil Patel,WK,Uncapped,No,7,129,18.42,201.56,6,1,30,https://www.gujarattitansipl.com/static-assets/images/players/68150.png?v=6.76
6,Salil Arora,WK,Uncapped,No,14,156,22.28,159.18,3,1,30,https://encrypted-tbn0.gstatic.com/images?q=tbn:ANd9GcQlmC2SK8DC1ylvBZZPq_semw-UFPYSUUjxjw9uwC7uHhZ7MKq-Fi9ai-M&s=10
8,Kumar Kushagra,WK,Uncapped,No,8,90,14.98,125.12,4,3,30,https://images.mykhel.com/webp/images/cricket/players/6/13116.jpg?v=6
7,Upendra Yadav,WK,Uncapped,No,10,305,37.3,137.3,7,4,30,https://encrypted-tbn0.gstatic.com/images?q=tbn:ANd9GcSTQYwmBWRkkofUxWd1gyI2FP5AMAyKZteLskBiqeT5phkXUwERU9N80gs&s=10
12,Abishek Porel,WK,Uncapped,No,14,327,32.7,159.51,3,1,30,https://encrypted-tbn0.gstatic.com/images?q=tbn:ANd9GcR6fzhd4ksLDLmedFvp9sCe4H0sAfmcWRz7DC7aqFQLKpm-XRyfXC0zuOk&s=10